id,streetview_id,filename,block_id,side,x,y,heading,capture_time,distance
3274,0900030012221030145038640GP,P258_R789.0_S3274_L.jpg,258,L,121.4778064389161,31.276737295589783,86.56,202210,38.64087522060393
3275,0900030012221030142950890GP,P258_R789.0_S3275_L.jpg,258,L,121.47785541419603,31.27687392778961,86.74,202210,23.76141337365409
3292,0900030012221030142938077GP,P258_R789.0_S3292_L.jpg,258,L,121.47671866393523,31.276918720322726,92.91,202210,25.32457239047949
3293,0900030012221030142938077GP,P258_R789.0_S3293_R.jpg,258,R,121.47671866393523,31.276918720322726,0.0,,25.32457239047949
3294,0900030012221030142944249GP,P258_R789.0_S3294_L.jpg,258,L,121.4772419542528,31.27686815234341,92.7,202210,24.674295289590898
